,CR01,MG01,MLP01,NF1,SC02,DB01,NR01,CF01,MAK01,VM01,AMPP01,SM01,SA01,PT01,FR01,ML01,MGM1,VA01,MC02,SP01,CE01,LE01,BL01,MAB01,MR01,LZ01,GQ01,GS01,LFG01,FC02,PD01,MF01,IV01,OCD01,DM1,GH01,LM01,FC01,MC01,FD01,EO01,AC01,TG01,EHD01,GB01,LA01,GJ1,CC01,NP01,FH01,CC02,MM01,JCP01,PM01,MVG01,TKB01,CMP01,PL01,AYH01,EA01,MMC01,FG1,MA1,TM01,VR1,LF1,AM01,RT01,MA02,SHG01,MS01,JPP01,RZ01,ACCH,SG01,VC1,AB01,MV1,EEO01,IB01,LCC01,PV1,EV01,LP01,RA01,LN01,DG01,MAR01,ACD01,BA01,CV01,DC01,MAP01,SB01,LS01,MM1,JS01,AJC01,YG01,AC02,GR01,SC1,EC01,NR02,JQ01,LB01,MT01,RBP01,MP1,JMA01,PN001,PR01,VG1
realidad,interpretacion,presente,,virtual,,falsa,distorsion,,frontal,,,vida,,,,,ficcion,caida,virtual,real,,oscura,,paralela,ficcion,,aumentada,,,farsa,,,ficcion,imaginacion,mentira,falsa,digna,mentira,,,,ficcion,alternativa,,,,mentira,virtual,,,verdad,,,alterada,falso,alterada,fuerte,,mentira,ficcion,alterada,ficcion,verdad,,ficcion,primavera,escandalosa,virtual,,virtual,mentira,ficcion,,imaginacion,,cuadrado,,hoy,,falso,,virtual,,,presente,,,,distorcionada,,ficcion,ficcion,aumentada,,,fantasia,,cruel,,,,telar,,,,,,,ilusion,,ficcion,,virtual
familia,nucleo,amigos,,unida,,nuclear,pareja,,hogar,,,amor,,,,,amigos,rota,hermanos,padres,,mama,,partida,amigos,,numerosa,,,matrimonio,,,hogar,unida,hogar,grande,graciosa,amigos,,,,hermanos,numerosa,,,,unidos,madre,,,padres,,,unida,amor,incompleta,amor,,mentira,amigos,vinculo,hijos,grande,,mama,amor,unida,añor,,casa,hermano,unida,,madre,,grande,,amor,,abrazo,,unida,,,union,,,,grande,,padres,auto,numerosa,,,persona,,poderosa,,,,guanacos,,,,,,,pareja,,pariente,,nueva
miedo,ansiedad,panico,,feroz,,valor,luz,,dificultad,,,confusión,,,,,temor,funebre,fantasma,muerte,,temor,,profundo,terror,,espanto,,,susto,,,terror,terror,oscuro,tengo,susto,terror,,,,susto,panico,,,,horror,susto,,,oscuridad,,,terrible,fear,tristeza,oscuro,,asustado,terrror,negro,terror,susto,,susto,pinchazos,inminente,dolor,,oscuridad,pavor,terror,,muerte,,sentimiento,,desconocido,,terror,,muerte,,,oscuridad,,,,morir,,temor,temor,ajeno,,,fantasma,,letal,,,,realidad,,,,,,,oscuro,,colmillo,,visceral
trabajo,obligacion,duro,,duro,,digno,empleo,,esfuerzo,,,justicia,,,,,oficina,navio,esfuerzo,horario,,informal,,duro,pala,,mucho,,,tejer,,,plata,dinero,empleo,mucho,aburrido,competencia,,,,maletin,actual,,,,descanso,escritorio,,,esfuerzo,,,arduo,plata,imbecil,malo,,obligaciones,plata,arriba,suerte,dinero,,lunes,estudio,designado,esfuerzo,,oficina,oficio,maletin,,empleado,,digno,,dinero,,tiempo,,aburrido,,,responsabilidad,,,,arduo,,oficina,ley,arduo,,,maleta,,digno,,,,forzoso,,,,,,,duro,,rojo,,elegante
sentido,necesario,proposito,,comun,,moral,origen,,comun,,,olfato,,,,,valor,poco,direccion,razon,,vista,,comun,no,,comun,,,hay,,,razon,humor,ojos,escucha,perdido,común,,,,oreja,horario,,,,comun,comun,,,razon,,,comun,bueno,humor,humor,,careciente,pertenencia,tacto,horario,sentidos,,arriba,vista,comun,humor,,comun,sin,sinsentido,,dificil,,olfato,,real,,humor,,carente,,,vector,,,,vida,,olfato,vida,contrario,,,tacto,,comun,,,,aliento,,,,,,,humor,,nada,,propio
final,oportunidad,,examen,feliz,,feliz,comienzo,inicio,,cuento,,ida,,,historia,,,,triste,feliz,,,,feliz,termino,,feliz,,feliz,triunfo,,,,cuento,,comienzo,,,,,,,comienzo,abierta,feliz,tiempo,,comienzo,,,terminar,feliz,,tragico,comienzo,feliz,feliz,,tunel,feliz,definitivo,,,,,,amor,feliz,,capitulo,comienzo,feliz,,principio,colon,feliz,,terminar,,feliz,,,,,carrera,,,,,,,puerta,bueno,,,,,,,cafe,,comienzo,punta,camino,,,,viaje,feliz,bueno,violin,,comienzo
suelo,sostener,,tierra,tierra,,piso,techo,relidad,,tierra,,piso,,,pavimento,,,,duro,entresuelo,,,,concreto,entresuelo,,frio,,fertil,animo,,,,duro,,piso,,,,,,,piso,rocoso,profundo,tierra,,piso,,,base,mojado,,resbaladizo,piso,subte,mojado,,pies,piso,piso,,,,,,tierra,duro,,tierra,subsuelo,raso,,tierra,piso,gris,,firme,,piso,,,,,bajo,,,,,,,zapato,duro,,,,,,,ciruela,,subsuelo,tierra,ceramica,,,,tierra,tren,piedra,pasto,,arido
edad,marca,,,joven,,viejo,años,mayor,,nino,,vejez,,,ingles,,,,,,,,,media,,,,,vejez,,,,,joven,,,,,,,,,,media,mayor,transcurso,,cumplir,,,años,numero,,avanzada,mayor,,corta,,joven,ano,mayor,,,,,,viejo,,,mayor,menor,mayor,,años,jovenes,cronologica,,tiempo,,viejo,,,,,antiguedad,,,,,,,tiempo,media,,,,,,,cama,,años,numero,numero,,,,numero,joven,diez,veinte,,temprana
acuerdo,personas,,historia,justo,,desacuerdo,mutuo,trato,,contrato,,informe,,,disposicion,,,,desacuerdo,si,,,,comun,desacuerdo,,bueno,,tratado,,,,,pacto,,nuevo,,,,,,,desacuerdo,tacito,feliz,concordancia,,desacuerdo,,,concordar,posgrado,,seguro,desacuerdo,real,malo,,trato,trato,relato,,,,,,intacto,si,,pacto,desacuerdo,desacuerdo,,tratado,contrato,firme,,negociar,,mentira,,,,,dinero,,,,,,,cordon,nucial,,,,,,,concierto,,recuerdo,trato,contrato,,,,mediar,recuerdo,manos,nomas,,tacito
debe,obligacion,,heroe,haber,,debemos,deudor,obligacion,,bebe,,hace,,,obligacion,,,,deber,dinero,,,,plata,haber,,haber,,haber,deber,,,,ser,,hacer,,,,,,,beber,haber,bebe,plaga,,hacer,,,obligacion,ser,,hacer,bebe,pisar,hacer,,hacer,mentir,necesita,,,,,,hacer,no,,hacer,hacer,puede,,hacer,acuerdo,hacer,,dinero,,plata,,,,,dinero,,,,,,,tiene,ser,,,,,,,saber,,deber,deuda,deuda,,,,falta,trabajo,plata,siempre,,leer
problema,algoritmo,,solucion,resuelto,,resolver,solucion,solucion,,matematica,,solucion,,,desafio,,,,solucion,actuar,,,,resuelto,solucion,,resuelto,,matematica,pregunta,,,,solucion,,grave,,,,,,,solucion,resuelto,solucion,,,solucion,,,solucion,solucion,,solucion,solucion,solucion,matematica,,solucion,oportunidad,solucion,,,,,,superar,solucion,,situacion,solucion,solucion,,,desafio,solucion,,arreglar,,solucion,,,,,solucion,,,,,,,solucion,resuelto,,,,,,,kiosko,,solucion,solucion,obstaculo,,,,solucion,matematica,matematicas,mente,,
presidente,poder,,corrupcion,electo,,nestor,contrato,alberto,,alberto,,intendente,,,eleccion,,,,nacion,eleccion,,,,perdon,vicepresidente,,electo,,alfonsin,,,,,gobierno,,electo,,,,,,,fernandez,rico,biden,relator,,gobierno,,,jefe,presente,,bush,vicepresidente,electo,malo,,orden,peron,ente,,,,,,cruel,pais,,cargo,entente,vicepresidente,,,lider,mandato,,autoridad,,nacion,,,,,poder,,,,,,,estado,honesta,,,,,,,gasto,,poder,lider,ejucutivo,,,,nacion,pais,alberto,mandatario,,
hombre,persona,,pelo,mujer,,mujer,mujer,mujer,,mujer,,mujer,,,persona,,,,mujer,mujer,,,,velludo,mujer,,bueno,,mujer,investigador,,,,sociedad,,mujer,,,,,,,mujer,blanco,mujer,epicentro,,mujer,,,masculino,lobo,,mujer,mujer,mujer,alto,,grandeza,mujer,grande,,,,,,superficial,mujer,,mujer,mujer,mujer,,,origen,grande,,varon,,mujer,,,,,persona,,,,,,,mujer,facil,,,,,,,baile,,presidente,chico,persona,,,,genero,mujer,pez,azul,,
ciudad,aires,,luces,multitud,,aires,playa,caba,,edificios,,pueblo,,,capital,,,,pais,aires,,,,amplia,provincia,,pequeña,,aires,balvanera,,,,aires,,grande,,,,,,,edificio,costera,buenos,aconglomerado,,edificios,,,aires,edificio,,aires,pais,aires,aires,,balvanera,autonoma,arbol,,,,,,grande,estado,,casa,pueblo,magica,,,aires,universitaria,,edificio,,universitaria,,,,,aires,,,,,,,noche,moderna,,,,,,,damasco,,metropolis,aires,edificios,,,,lugar,portenia,caba,personas,,
madre,autoridad,,bebe,padre,,padre,hijo,padre,,padre,,padre,,,padre,,,,hijo,padre,,,,selva,hijo,,primeriza,,padre,,,,,hija,,padre,,,,,,,padre,presente,hijo,tierra,,padre,,,maternidad,buena,,padre,padre,padre,amor,,independiente,padre,campaña,,,,,,amor,padre,,hija,hijo,padre,,,hogar,mayor,,cuidar,,maternal,,,,,hijo,,,,,,,padre,sola,,,,,,,patria,,hija,mujer,persona,,,,amiga,hija,soltera,padre,,
estado,ahora,situacion,,sitio,,febril,roptura,,nacional,,pasivo,nación,,,,,oligarquia,vivo,gobierno,actual,,presente,,anemico,sociedad,,civil,,,mal,,,feliz,capital,gobierno,pais,débil,critico,,,,sociedad,social,,,,solido,nación,,,gobierno,,,anemico,pais,vegetal,gas,,anemico,nacion,anemia,pais,congreso,,gobierno,social,mundial,vegetativo,,gobierno,nacion,absolutista,,territorio,,alerta,,gobierno,activo,nacion,,civil,,,politica,,,,ansiedad,,pais,mente,bueno,,,civil,,casado,,,,gobierno,,,,,,,civil,,muerte,,mental
media,pie,mitad,,estadistica,,cabeza,publico,,abrigo,,naranja,entera,,,,,centro,hora,hora,zapato,,clase,,hora,calcetin,,hora,,,,,,altura,naranja,noche,comunicacion,hora,hora,,,,imagen,fest,,,,naranja,soquetes,,,promedio,,,vida,entera,manana,naranja,,enferma,promedio,grande,promedio,pie,,zapato,comunicacion,matematica,nada,,promedio,naranja,pies,,poblacional,,naranja,,pie,rota,pie,,algodon,,,pie,,,,naranja,,soquete,televisiva,lenta,,,zapato,,luna,,,,calcetin,,,,,,,mañana,,alto,,naranja
noche,descanso,oscuro,,dia,,dia,luz,,joven,,dia,día,,,,,dia,fria,estrellas,dia,,fiesta,,dia,manana,,eterna,,,demacrado,,,dia,parasito,dia,dia,sangre,trasnochar,,,,oscuridad,dia,,,,dia,dia,,,luna,,,oscura,dia,dia,oscura,,oscura,dia,lindo,estrellas,oscura,,luz,estrellas,dia,duerme,,luna,dia,dia,,oscura,,oscura,,oscuro,larga,luna,,calida,,,estrellas,,,,miedo,,tarde,luna,oscura,,,luna,,larga,,,,mañana,,,,,,,oscura,,negro,,calida
momento,presente,instante,,vivir,,angular,figuras,,ahora,,instante,impulso,,,,,tiempo,angular,tiempo,ahora,,importante,,mori,tiempo,,unico,,,aprovechar,,,feliz,fugaz,instante,eterno,dolor,único,,,,presente,ahora,,,,tiempo,segundos,,,suceso,,,tension,punto,triste,lindo,,indicado,tiempo,random,fuerza,inolvidable,,infimo,veloz,unico,dificil,,instante,pausa,pausa,,dificil,,unico,,tiempo,silencioso,presente,,culmine,,,instante,,,,panico,,oportuno,serie,bisagra,,,tiempo,,crucial,,,,instante,,,,,,,dia,,hora,,inesperado
libro,historias,paginas,,leer,,revista,bibliotecas,,lectura,,conocer,árbol,,,,,leer,malo,hojas,hoja,,razon,,abierto,cuento,,viejo,,,cuento,,,sagas,hojas,pagina,nuevo,plumas,cerrar,,,,paginas,pagina,,,,grande,leer,,,relato,,,corto,hoja,abierto,largo,,interesante,abierto,hojas,hojas,abierto,,hojas,abierto,estado,raro,,papel,hoja,pagina,,feliz,,largo,,paginas,leer,ojas,,tapa,,,lectura,,,,nuevo,,cuentos,pagina,lento,,,hoja,,entretenido,,,,hueco,,,,,,,abierto,,hoja,,abierto
recuerdo,olvido,memoria,,lejano,,malo,memoria,,memoria,,,memoria,,,,,memoria,una,memoria,memoria,,memoria,,perdido,memoria,,nitido,,,memoria,,,felices,memoria,memoria,nuevo,visualización,memoria,,,,memoria,memoria,,,,memoria,memoria,,,memoria,,,fallido,memoria,memoria,lindo,,mirada,memoria,memoria,borroso,memoria,,memoria,triste,borroso,falso,,memoria,anhelo,memoria,,memoria,,libre,,memoria,leve,mente,,memoria,,,memoria,,,,inompleto,,borroso,estado,forzado,,,memoria,,fuerte,,,,memoria,,,,,,,olvido,,memoria,,nostalgia
centro,encuentro,nucleo,,ciudad,,circulo,puntas,,atencion,,,ayuda,,,,,medio,atencion,ciudad,afuera,,estudiantes,,vacio,congreso,,capital,,,lugar,,,ciudad,estudios,medio,ciudad,espejo,lateral,,,,espacio,gol,,,,izquierda,tierra,,,medio,,,terrestre,medio,cultural,lleno,,medio,adentro,circulo,tierra,pelota,,ciudad,ciudad,historico,uno,,fijo,medio,estudiantes,,derecha,,atomo,,medio,mesa,circulo,,ciudad,,,circulo,,,,atencion,,punto,punto,partricular,,,lugar,,figura,,,,clandestino,,,,,,,tierra,,edificio,,atletico
nueva,ansiedad,limpio,,vieja,,escuela,viejo,,innovacion,,,experiencia,,,,,viejo,fuma,ropa,vieja,,linda,,buena,viejo,,vida,,,vida,,,tecnologia,onda,viejo,ropa,vida,vida,,,,vida,vieja,,,,vieja,era,,,reciente,,,historia,vieja,generacion,brillante,,era,buena,brillante,luna,luna,,vieja,aventura,edicion,mente,,compra,guinea,vieja,,viejo,,vida,,uso,luna,escuela,,luna,,,moderna,,,,vieja,,era,amsterdam,vida,,,viejo,,ola,,,,pompeya,,,,,,,luna,,negro,,posibilidad
año,vida,tiempo,,nuevo,,,dias,,actual,,,bisiesto,,,,,lectivo,nuevo,meses,,,nuevo,,,nuevo,,,,,ochenta,,,,sesenta,siglo,nuevo,,bisiesto,,,,,mes,,,,nuevo,nuevo,,,fecha,,,nuevo,mes,pasado,nuevo,,,nuevo,nuevo,,mes,,bisciesto,,nuevo,nuevo,,,pasado,nuevo,,tiempo,,nuevo,,tiempo,,mil,,mil,,,tiempo,,,,vida,,nuevo,,bisiesto,,,dos,,,,,,,,,,,,,bisciesto,,nuevo,,
forma,definicion,circulo,,triangular,,triangular,color,,como,,,masa,,,,,desfigura,roja,triangulo,cuadrado,,redonda,,templada,circulo,,organica,,,vida,,,circulo,espacio,masa,redonda,humana,espectral,,,,funcion,redonda,,,,color,circulo,,,geometrica,,,humana,cuadrado,capaz,geometrica,,lugar,cuadro,desfigurada,circulo,triangulo,,cuadrado,circulo,reciente,fragil,,redonda,disforme,deforme,,circulo,,formula,,circulo,redonda,redonda,,linda,,,cuadrado,,,,completa,,redonda,cuadrada,analoga,,,cuadrado,,redonda,,,,calavera,,,,,,,irregular,,pez,,definida
señor,mayor,,cafe,señora,,ingles,caballero,adulto,,hombre,,amigo,,,feudal,,,,barba,senora,,,,hombre,sombrero,,grande,,frances,capitan,,,,madwell,,grande,,,,,,,feudal,oscar,adulto,horror,,hombre,,,hombre,ave,,adulto,senora,guerra,feo,,hombre,mayor,don,,,,,,mayor,alto,,mayor,ruiseñor,feudal,,caballero,guerrero,grande,,hombre,,mayor,,,,,adulto,,,,,,,senora,grande,,,,,,,linterna,,halcrow,alumnos,hombre,,,,mayor,espada,madwell,sargento,,feudal
grupo,personas,personas,,,amigos,amigos,grande,grande,,,abeliano,abeliano,guerreros,personas,personas,personas,,,amigos,personas,,,gente,pueblo,,,,,jovenes,personas,,,,,,,personas,personas,conjunto,conjunto,,,,,,,pequeno,jodido,amigos,amigos,,,chico,grande,,,amigues,gente,soldados,,,,,,,,equipo,familiar,,,grande,grande,,,,,,,,,,,,,comarca,comarca,comando,hetareo,social,social,prospero,sociabilidad,,,personas,personas,,,,,amigos,tumulto,entidad,estatico,,,enemigo,amigos,persona,persona,paz,personas,grande
hijo,padre,,menor,hija,,prodigo,padre,padre,,padre,,hija,,,padre,,,,chico,madre,,,,prodigo,mama,,menor,,prodigo,,,,,mayor,,nuevo,,,,,,,hija,prodigo,madre,futuro,,hija,,,descendiente,mayor,,bendito,hija,traicion,varon,,chico,primo,pariente,,,,,,menor,unico,,padre,nieto,mayor,,padre,familia,mayor,,joven,,papa,,,,,amor,,,,,,,nieto,propio,,,,,,,saltar,,padre,tierra,niño,,,,familia,padre,nene,padre,,prodigo
mundo,desconocido,,azul,tierra,,cruel,guerra,grande,,tierra,,espacio,,,planeta,,,,planeta,globo,,,,feliz,tierra,,abierto,,agua,guerra,,,,cruel,,grande,,,,,,,redondo,redondo,abierto,maravilloso,,redondo,,,planeta,redondo,,oscuro,planeta,triste,grande,,grande,muerte,cerrado,,,,,,feliz,feliz,,verde,plano,tierra,,tierra,paz,feliz,,vivos,,abierto,,,,,tierra,,,,,,,plastico,duro,,,,,,,caza,,tierra,bala,tierra,,,,personal,planeta,agua,azul,,veloz
mirada,ojos,,perdida,penetrante,,mirar,ojos,perdida,,ojos,,intencion,,,ojos,,,,,actuar,,,,profunda,ojos,,perdida,,triste,muerte,,,,perdida,,fugaz,,,,,,,perdida,fiuriosa,profunda,rostro,,ojos,,,ojos,salvaje,,perdida,ojos,asesina,perdida,,ojos,perdida,alla,,,,,,perdida,se,,penetrante,perdida,perdida,,ojos,ojos,perdida,,observar,,ojos,,,,,instante,,,,,,,ojos,perdida,,,,,,,enfermedad,,ojos,,ojos,,,,informacion,triste,musica,ojos,,perdida
vez,otra,,primera,alguna,,una,voz,momento,,cuento,,parte,,,tiempo,,,,primera,una,,,,primera,rara,,pez,,una,primera,,,,esta,,una,,,,,,,velez,una,una,vista,,habia,,,una,avion,,una,una,pez,primera,,primera,otra,voz,,,,,,primera,una,,ocasion,rara,primera,,,ojos,alguna,,sucedido,,esa,,,,,momento,,,,,,,una,pata,,,,,,,ultima,,historia,cuento,alguns,,,,situacion,tiempo,avestruz,primera,,cuando
mano,escritura,,dedo,pie,,pie,pies,cuerpo,,dedos,,pie,,,dedo,,,,dedo,derecha,,,,derecha,dedo,,abierta,,dedos,,,,,dedos,,pies,,,,,,,dedo,sucia,truco,posibilidad,,dedo,,,escribir,pierna,,pie,pie,pie,dereha,,escribir,derecha,pierna,,,,,,cinco,derecha,,palma,hermano,armada,,,suave,grande,,hacer,,obra,,,,,dedos,,,,,,,jorge,larga,,,,,,,auto,,guante,pulgar,cuerpo,,,,cuerpo,pie,dedo,dedo,,negra
camino,horizonte,,piedra,largo,,cerrado,ruta,tierra,,ruta,,ruta,,,tierra,,,,piedras,asfalto,,,,curvado,lago,,sinuoso,,tierra,seguir,,,,largo,,largo,,,,,,,andar,estrecho,paso,largo,,verde,,,sendero,muelle,,cerrado,via,paisaje,tierra,,estrecho,negro,colorido,,,,,,recto,luz,,ruta,caminante,sinuoso,,,montaña,ancho,,recto,,cortado,,,,,viaje,,,,,,,piedra,cerrado,,,,,,,sendero,,vida,cerro,tierra,,,,opcion,,piedras,blanco,,clasico
cuerpo,organo,,humano,cabeza,,azul,brazos,alma,,humano,,mente,,,brazo,,,,evento,cabeza,,,,sano,hambre,,grande,,desnudo,,,,,sano,,grande,,,,,,,flotante,humano,alma,cuerpo,,humano,,,persona,mano,,abierto,cara,mente,largo,,astronauta,humano,piel,,,,,,alma,humano,,torso,humedo,muerto,,,vida,inerte,,esqueleto,,masa,,,,,vida,,,,,,,mano,duro,,,,,,,ataul,,mente,extremidades,persona,,,,fisico,celeste,torso,piel,,celeste
hecho,indiscutible,,libro,deshecho,,mentira,factico,cientifico,,pecho,,dicho,,,accion,,,,,suceso,,,,helecho,esta,,mano,,falaz,situacion,,,,,,ahora,,,,,,,pecho,fortuito,desecho,accion,,suceso,,,suceso,por,,armado,deshecho,lugar,frase,,suceso,deshecho,derecho,,,,,,destructor,desehecho,,acto,deshecho,derecho,,,creacion,dato,,terminado,,verdad,,,,,momento,,,,,,,hacer,real,,,,,,,gas,,relato,hacha,ocacion,,,,especifica,verdad,derecho,cabeza,,dinamico
segundo,minuto,primero,,primero,,primero,minuto,,lugar,,primero,primero,,,,,minuto,hijo,primero,primero,,minutos,,sombra,primero,,tercero,,,hermano,,,primero,hermano,primero,hermano,minuto,minutos,,,,dos,primero,,,,minuto,primero,,,posicion,,,hijo,minuto,hermano,tiempo,,hermano,tiempo,primero,hora,dos,,minuto,primero,hermano,tercero,,primero,primero,primero,,primero,,tercero,,tiempo,,puesto,,tiempo,,,tiempo,,,,puesto,,mente,minuto,primero,,,dos,,hermano,,,,primero,,,,,,,hermano,,minuto,,dia
medio,conciliar,mitad,,tiempo,,blanco,forma,,transporte,,arriba,vacio,,,,,centro,hermano,circulo,arriba,,tiempo,,cuarto,comunicacion,,hermano,,,cambio,,,cinco,hermano,atras,hermano,roto,tiempo,,,,camino,alto,,,,centro,hermano,,,centro,,,hermano,miedo,loco,ambiente,,hermano,tiempo,puntas,transporte,interno,,ambiente,mayor,sobrino,centro,,promedio,bajo,entero,,hermano,,oriente,,entre,,ambiente,,ambiente,,,mitad,,,,hermano,,hermano,entero,hermano,,,espiritu,,raro,,,,mas,,,,,,,bosque,,pelota,,campo
nombre,identidad,apodo,,apellido,,apellido,apellido,,completo,,pronombre,apellido,,,,,apellido,frio,apellido,santi,,lucia,,,apellido,,completo,,,,,,juan,apellido,apellido,completo,matías,perdido,,,,angeles,apellido,,,,apellido,apellido,,,persona,,,,apellido,final,largo,,,alguien,largo,documento,pila,,apellido,apellido,raro,,,apellido,segundo,apellido,,apellido,,apellido,,identidad,,perro,,,,,persona,,,,completo,,,apellido,suelto,,,,,,,,,sal,,,,,,,verdadero,,,,propio
padre,autoridad,madre,,madre,,madre,madre,,guia,,enseniar,madre,,,,,madre,madre,madre,madre,,presente,,madre,madre,,madre,,,hijo,,,amado,madre,madre,madre,inútil,madre,,,,madre,madre,,,,madre,madre,,,responsable,,,madre,madre,madre,madre,,madre,madre,vacio,madre,padre,,madre,madre,malo,ausente,,madre,madre,madre,,madre,,ausente,,autoridad,,madre,,hijo,,,familia,,,,presente,,madre,madre,ausente,,,madre,,normal,,,,madre,,,,,,,madre,,loco,,resuelto
española,nacionalidad,argentina,,carta,,gallega,argentina,,gente,,frances,francés,,,,,argentina,,mujer,argentina,,gallega,,gitana,argentina,,nacionalidad,,,,,,toros,tortilla,pais,mujer,español,argentina,,,,bandera,tortilla,,,,nacionalidad,españa,,,nacionalidad,,,portuguesa,roto,paella,italiano,,mujer,gallega,bandera,madrid,europa,,espana,paella,bonita,mujer,,europa,catalunia,italiana,,lengua,,españa,,europa,,mujer,,danza,,,bandera,,,,inmigrante,,tortilla,tigre,tortilla,,,tortilla,,carta,,,,tortilla,,,,,,,irlandesa,,carta,,lola
uno,dos,,dos,dos,,dos,dos,dos,,dos,,dos,,,dos,,,,dos,dos,,,,dos,dos,,solo,,dos,otro,,,,dos,,dos,,,,,,,dos,dos,dos,patineta,,dos,,,numero,dos,,dos,dos,dos,dos,,dos,dos,mas,,,,,,dos,dos,,dos,dos,dos,,dos,individualismo,dos,,primero,,dos,,,,,cartas,,,,,,,dos,dos,,,,,,,pez,,dos,dos,cartas,,,,numero,dos,dos,dos,,con
niño,infancia,,adulto,niña,,ninia,cruz,joven,,patineta,,vientre,,,pequeno,,,,chico,viejo,,,,erudito,hijo,,chico,,hombre,patinar,,,,hermano,,grande,,,,,,,adulto,pobre,adulto,incredulo,,chica,,,chico,ambulancia,,maldito,nina,hermano,chico,,patineta,hombre,pequeño,,,,,,chico,luz,,mujer,viejo,adulto,,hermanos,infancia,nena,,pequeño,,hombre,,,,,inocencia,,,,,,,adulto,joven,,,,,,,azafata,,ninia,chico,pequeño,,,,chica,hermano,pelota,patineta,,malo
clase,social,grado,,,numeros,pizarron,estudio,media,,,perro,aula,escuela,alumnos,colegio,alta,,,aula,alumnos,,,sector,social,,,,,alumnos,alumnos,,,,,,,aula,profesor,secundaria,alta,,,,,,,primera,secreta,alumnos,alumnos,,,abierta,alta,,,llena,social,escuela,persona,,,,,,,colegio,grado,,,nueva,nueva,,,,,,,,,,,,,maestro,profesor,baja,abierta,auto,vino,alta,luz,,,estudiar,examen,,,,,escuela,escuela,aula,tango,,,primera,aula,aula,fila,pelota,muerte,dificil
fuerza,musculo,,fisicoculturista,mayor,,bruta,newton,poder,,newton,,impulso,,,destreza,,,,bruta,fuerte,,,,oculta,mano,,bruta,,bruta,,,,,friccion,,bruta,,,,,,,gravedad,bruta,agua,dolor,,gravedad,,,musculos,fuerte,,bruta,presion,viento,bruta,,grande,veloz,descomunal,,,,,,hostil,bruta,,mayor,debil,mayor,,debilidad,poder,viento,,musculo,,musculo,,,,,musculo,,,,,,,pelea,bruta,,,,,,,resistencia,,abdomen,brazos,musculo,,,,accion,bruta,newton,musculo,,brutal
mesa,comida,,silla,examen,,pong,raton,pasto,,silla,,silla,,,patas,,,,patas,te,,,,vacia,tabla,,redonda,,redonda,tostadas,,,,silla,,grande,,,,,,,masa,redonda,piso,juegos,,plato,,,tabla,lapiz,,redonda,silla,silla,redonda,,marron,palo,patas,,,,,,cuatro,silla,,tabla,entremesa,redonda,,silla,plano,redonda,,apoyar,,comida,,,,,comida,,,,,,,madera,lisa,,,,,,,misa,,menta,vasos,madera,,,,mueble,redonda,redonda,silla,,silla
futuro,oportunidad,presente,,incierto,,incierto,pasado,,prometedor,,,pasado,,,,,presente,idiota,pasado,presente,,incierto,,disturbio,pasado,,lejano,,,esperanza,,,desconocido,nuevo,pasado,nuevo,pasado,perdida,,,,porvenir,pasado,,,,presente,viajar,,,tiempo,,,oscuro,mal,incierto,lejano,,perdido,pasado,moderno,incierto,tecnologia,,pasado,incierto,proximo,incierto,,lejano,pasado,desesperanza,,dificil,,incierto,,tiempo,,tiempo,,presente,,,tecnologia,,,,incierto,,presente,perdido,lejano,,,pelicula,,llega,,,,presente,,,,,,,imprevisto,,pasado,,incierto
todo,inmenso,nada,,nada,,nada,nada,,inclusivo,,nada,mucho,,,,,nada,fungi,nada,nada,,nada,,roto,nada,,nada,,,resignado,,,mundo,nada,nada,grande,algo,nada,,,,nada,nada,,,,nada,nada,,,completo,,,mal,bueno,triste,nada,,nada,nada,nada,mundo,nada,,universo,nada,mundo,mal,,lleno,nada,nada,,nada,,nada,,completo,,nada,,nada,,,total,,,,nada,,nada,nada,bien,,,nada,,nada,,,,nada,,,,,,,cambio,,negro,,nada
cultura,pais,tradicion,,general,,pop,poblacion,,apredizaje,,escultura,nación,,,,,sentido,pop,comida,comida,,popular,,contra,argentina,,nacional,,,creencias,,,sociedad,propia,pais,interesante,roto,saber,,,,diversidad,accesible,,,,pais,poblacion,,,pais,,,pop,arte,figural,antigua,,revolucion,bienestar,colorido,libros,gente,,rojo,escultura,general,horrror,,arte,culto,general,,idiota,,clasica,,paises,,general,,educacion,,,argentina,,,,mixta,,arte,mesopotamia,general,,,tradicion,,creacion,,,,gente,,,,,,,sacrificio,,martillo,,popular
dia,actividades,noche,,noche,,noche,noche,,hoy,,noche,noche,,,,,noche,numero,sol,noche,,noche,,uno,noche,,noche,,,sol,,,compras,fecha,noche,sol,azul,noche,,,,noche,noche,,,,noche,noche,,,sol,,,oscuro,noche,noche,sol,,noche,noche,amarillo,sol,sol,,noche,noche,noche,dificil,,sol,noche,malo,,noche,,noche,,claridad,,sol,,soleado,,,sol,,,,noche,,semana,noche,soleado,,,noche,,propicio,,,,noche,,,,,,,noche,,noche,,noche
tanto,truco,bastante,,mucho,,punto,corto,,potencial,,tanto,poco,,,,,cuanto,masa,poco,poco,,mucho,,pronto,truco,,trabajo,,,esperado,,,mucho,mucho,poco,llanto,algo,poco,,,,monton,tiempo,,,,poco,poco,,,mucho,,,inecesario,poco,poco,mucho,,poco,poco,poco,pedir,poco,,truco,poco,drama,mas,,tiempo,llanto,poco,,poco,,todo,,mucho,,mucho,,tengo,,,envido,,,,nada,,cuanto,poco,porciento,,,poco,,cuanto,,,,poco,,,,,,,tiempo,,como,,tiempo
campo,abierto,pasto,,lluvia,,verde,lluvia,,lugar,,caballo,playa,,,,,pasto,vacio,arboles,trigo,,verde,,abierto,ciudad,,verde,,,leopoldo,,,jardin,tierra,flores,trigo,fuego,quema,,,,pasto,traviesa,,,,trigo,verde,,,pasto,,,verde,pasto,tierra,vacas,,vino,pasto,tierra,pasto,verde,,planta,traviesa,abierto,verde,,verde,traves,pasto,,lluvia,,verde,,pasto,verde,cozecha,,animales,,,caballo,,,,caballos,,lluvioso,pasto,rojo,,,pasto,,hostil,,,,chaja,,,,,,,cesped,,cobre,,agreste
señora,edad,mujer,,señorita,,mayor,señor,,experiencia,,donia,amante,,,,,gorro,alta,cartera,edad,,mujer,,gitana,senor,,vieja,,,servidumbre,,,anciana,grande,señor,mujer,cobre,sirvienta,,,,mujer,sed,,,,obesa,señor,,,grande,,,asesina,senor,muerte,vieja,,mujer,mujer,vieja,madre,vieja,,mujer,edad,mayor,limpia,,mujer,donia,lidia,,señor,,grande,,mujer,adultez,dama,,señor,,,reina,,,,anciana,,coqueta,vieja,nuerta,,,lentes,,buena,,,,madame,,,,,,,vieja,,vestido,,bien
memoria,recuerdo,cerebro,,justicia,,plazo,perdida,,historia,,crecer,mirada,,,,,cerebro,llena,cerebro,ram,,verdad,,turbia,justicia,,pasado,,,recuerdo,,,recuerdos,recuerdo,mente,verdad,vino,muerte,,,,cerebro,olvido,,,,recuerdos,cerebro,,,recuerdos,,,plazo,mente,fugaz,larga,,recordar,verdad,cerebro,cerebro,interna,,cerebro,justicia,mala,poca,,chip,plazo,justicia,,recuerdo,,semantica,,cerebro,feliz,cerebro,,perdida,,,cerebro,,,,perdida,,corta,olvido,larga,,,cerebro,,mala,,,,parque,,,,,,,libro,,cerebro,,selectiva
guerra,sangre,armas,,sangre,,civil,terror,,interes,,fria,fría,,,,,planta,fria,armas,armas,,rusia,,fria,soldados,,triste,,,,,,muertes,paz,muerte,paz,muerte,paz,,,,armas,santa,,,,paz,espada,,,bombas,,,mundial,paz,armas,fria,,caos,fuego,esparta,tanque,paz,,paz,horror,fria,malo,,explosion,paz,paz,,batalla,,caballeros,,muerte,triste,sangre,,paz,,,armas,,,,muerte,,cobre,sangre,sucia,,,sangre,,santa,,,,sangre,,,,,,,conflicto,,arma,,mundial
diez,excelente,numero,,,,dado,cuatro,,excelencia,,porciento,años,,,,,nueve,años,nueve,once,,examen,,mil,once,,mil,,,,,,multipilicacion,lionel,cinco,once,respuesta,veinte,,,,numero,uno,,,,once,numero,,,numero,,,dias,once,monedas,mil,,suerte,ocho,numero,examen,diez,,numero,,manos,veinte,,minutos,veinte,once,,nueve,,nota,,numero,numero,once,,diego,,,,,,,pesos,,mil,nueve,veinte,,,numero,,once,,,,veces,,,,,,,hora,,nueve,,menos
gobierno,poder,,politica,estado,,monarquia,dictadura,poder,,congreso,,dictadura,,,presidente,,,,estado,presidente,,,,corrupto,rosada,,patrio,,corrupcion,rey,,,,corrupcion,,democracia,,,,,,,radical,dictatorial,ciudad,decepcion,,politica,,,poder,auto,,corrupto,patria,rey,malo,,corrupcion,corrupto,torre,,,,,,malo,bien,,estado,anarquia,represor,,,poder,democratico,,leyes,,poder,,,,,mentira,,,,,,,corrupcion,vorrupto,,,,,,,luz,,democracia,corrupto,congreso,,,,orden,anarquia,rey,mascara,,multiple
manera,eleccion,,soga,forma,,sutil,forma,formas,,mano,,forma,,,metodo,,,,forma,variedad,,,,distinta,madera,,simple,,forma,morir,,,,forma,,mano,,,,,,,morir,mejor,forma,muchas,,que,,,forma,forma,,erronea,forma,pensar,buena,,formas,muerte,palabra,,,,,,cruel,se,,forma,hacer,mala,,,ley,pensar,,opcion,,hacer,,,,,forma,,,,,,,modo,favil,,,,,,,taladro,,modales,forma,forma,,,,formas,morir,de,hijo,,eficaz
mayor,hermano,,menor,menor,,menor,menor,menor,,alcalde,,menor,,,edad,,,,menor,menor,,,,menor,menor,,grande,,hijo,enfermedad,,,,menor,,adulto,,,,,,,menor,alto,menor,tiempo,,menor,,,grande,menor,,menor,menor,menor,abuelo,,adulto,menor,incremento,,,,,,dominio,menor,,menor,menor,menor,,,lider,menor,,grande,,menor,,,,,edad,,,,,,,menor,miedo,,,,,,,grado,,alcalde,menor,hermano,,,,indicador,guardia,grande,menor,,dimension
agua,potable,,botella,fuego,,fuego,vaso,limpio,,vaso,,boca,,,rio,,,,pura,fuego,,,,potable,vaso,,limpia,,potable,,,,,limpia,,pura,,,,,,,botella,dulce,vaso,vital,,fuego,,,liquido,sal,,dulce,water,fuego,fria,,fresco,sal,azul,,,,,,fresca,limpia,,cielo,solido,potable,,,pureza,clara,,liquido,,hidratacion,,,,,vida,,,,,,,sal,limpia,,,,,,,espejo,,water,frio,ho,,,,vida,olas,mojado,azul,,fresca
muerte,fin,,negro,vida,,roja,vida,eterno,,tunica,,vida,,,parca,,,,vida,vida,,,,roja,vida,,subita,,roja,peste,,,,roja,,lenta,,,,,,,roja,subita,roja,trascurso,,cementerio,,,final,sangre,,segura,vida,vida,triste,,asesino,perdida,negro,,,,,,cruel,malo,,arma,vida,pronta,,,final,roja,,fin,,vida,,,,,fin,,,,,,,vida,roja,,,,,,,sol,,mascara,negro,zombies,,,,forma,oscura,peste,roja,,subita
tipo,eleccion,,traje,perfecto,,feo,mujer,estilo,,chico,,fuente,,,hombre,,,,clase,sujeto,,,,persona,hombre,,grande,,guapo,persona,,,,feo,,,,,,,,,rancio,feo,lindo,formas,,hombre,,,hombre,feo,,feo,tipa,feo,hombre,,joven,tipa,es,,,,,,feo,lindo,,hombre,feo,mi,,,adulto,grande,,clase,,hombre,,,,,hombre,,,,,,,color,solo,,,,,,,algo,,hombre,hombre,cosa,,,,algo,hombre,feo,feo,,crucial
publico,miradas,,transporte,trasporte,,privado,comunidad,privado,,subte,,privado,,,espacio,,,,privado,red,,,,dificil,aplausos,,privado,,paciente,mirones,,,,privado,,conocimiento,,,,,,,privado,aburrido,cruel,situacion,,teatro,,,espectadores,privado,,juzgador,privado,privado,miedo,,multitud,mirada,uso,,,,,,evidente,comun,,conocimiento,privado,privado,,,sociedad,privado,,espectadores,,gente,,,,,recital,,,,,,,privado,general,,,,,,,raiz,,pubico,multitud,multitud,,,,visto,gente,mirando,gente,,ostentoso
dicho,oido,,paisano,hecho,,hostil,decir,hecho,,hecho,,hecho,,,hecho,,,,hecho,hecho,,,,mal,hecho,,hecho,,frase,hablar,,,,hecho,,viejo,,,,,,,hecho,hecho,redicho,decir,,frase,,,frase,azar,,hecho,hecho,olor,verdad,,escrito,dicha,hecho,,,,,,refran,nada,,contar,susodicho,maldicho,,,historia,hecho,,lenguaje,,boca,,,,,sabiduria,,,,,,,hecho,hecho,,,,,,,cubo,,hecho,carta,frase,,,,palabra,refran,viejo,hecho,,paso
trata,intento,,personas,personas,,personas,delicadez,persnas,,personas,,gente,,,modo,,,,bien,gente,,,,turbia,persona,,bien,,personas,comunican,,,,tratamiento,,gente,,,,,,,gente,mejor,miento,personas,,se,,,a,prostitucion,,persona,trato,intento,bien,,blancas,trato,calmante,,,,,,personas,bien,,actuar,tierra,prostitucion,,,perseverancia,nada,,explotacion,,mal,,,,,relacion,,,,,,,personas,bien,,,,,,,manzana,,personas,ilegal,personas,,,,intentar,mala,personas,personas,,blanca
verdad,discutible,,falso,mentira,,justicia,mentira,mentira,,mentira,,mentira,,,mentira,,,,falso,ficcion,,,,patetica,mentira,,oculta,,mentira,son,,,,honestidad,,falso,,,,,,,mentira,consecuencia,mentira,indefinible,,falso,,,honestidad,mentira,,mentira,mentira,mentira,triste,,sinceridad,justicia,objetiva,,,,,,inminente,mentira,,mentira,mentira,mentira,,,afirmacion,reto,,razon,,falso,,,,,realidad,,,,,,,justicia,falsa,,,,,,,hojas,,consecuencia,mentiras,mentira,,,,individuo,mentira,mentira,mentira,,absoluta
vista,ojos,ojos,,bella,,mar,ojos,,vision,,paisaje,ciega,,,,,ojos,mal,ojos,ojos,,ojos,,temblada,ocular,,lejos,,,emocional,,,experiencias,perdida,ojos,ojos,viaje,ceguera,,,,ojos,ocular,,,,ojos,ojos,,,ojos,,,ciega,ojos,buena,mala,,mar,ojos,anteojos,ojos,panoramica,,paisaje,montaña,ciega,dollor,,ojos,buena,bella,,buena,,ojos,,ojos,amplio,oceano,,viaje,,,ojos,,,,peligrosa,,ojos,ciego,vida,,,paisaje,,mala,,,,ojos,,,,,,,ojos,,ojos,,gorda
vida,hijos,muerte,,muerte,,verde,lucha,,eternidad,,total,muerte,,,,,muerte,corta,salud,muerte,,muerte,,dura,muerte,,larga,,,farsa,,,muerte,muerte,muerte,larga,muerte,muerte,,,,muerte,muerte,,,,muerte,muerte,,,camino,,,corta,alma,feliz,larga,,muerte,muerte,salud,muerte,plantas,,hojas,plena,muerte,amor,,muerte,muerte,sana,,muerte,,silvestre,,persona,muerte,muerte,,muerte,,,naturaleza,,,,eterna,,muerte,muerte,buena,,,arbol,,larga,,,,milagro,,,,,,,muerte,,muerte,,plena
mayoria,votacion,gente,,minoria,,gente,minoria,,popular,,minoria,minoria,,,,,minoria,inexpugnable,gente,minoria,,masas,,minoria,minoria,,voto,,,mejor,,,gente,muchos,minoria,grande,familia,solo,,,,todos,minoria,,,,muchos,minoría,,,algo,,,minoria,minoria,minoria,muchos,,acuerdo,muchos,minoria,gente,grande,,edad,mas,edad,hijo,,multitud,minoria,minoria,,minoria,,numeros,,gente,gente,politica,,minoria,,,total,,,,mentiras,,votos,popular,abosluta,,,personas,,nueva,,,,cantidad,,,,,,,minoria,,minoria,,edad
paso,camino,huella,,rapido,,largo,gigante,,progreso,,traspaso,intenso,,,,,caminar,caido,pie,andar,,elecciones,,corto,peso,,rapido,,,tiempo,,,permiso,suelto,camino,pies,brasil,caminata,,,,puente,hombre,,,,lento,camino,,,caminar,,,corto,pasa,limpio,lento,,desgracia,pie,tiempo,caminar,camino,,camino,lento,pluma,luz,,lento,marca,jose,,lento,,largo,,pie,falso,pie,,nivel,,,verdad,,,,tiempo,,tiempo,pie,lento,,,pie,,corto,,,,tiempo,,,,,,,tiempo,,linea,,rapido
razon,cordura,sentido,,mente,,cordura,logica,,criterio,,obviedad,salud,,,,,certeza,ser,division,cerebro,,fuerza,,logica,siempre,,siempre,,,creer,,,mentira,corazon,mentira,tiene,ayuda,cordura,,,,verdad,ser,,,,cerebro,tener,,,mente,,,logica,con,segura,matematica,,mentira,cordura,ser,pensar,causa,,pensar,ser,sentido,socisl,,sentido,logico,cuadrado,,tonto,,logica,,mente,cabeza,verdad,,con,,,,,,,existir,,existir,cerebro,inexistente,,,cerebro,,razon,,,,ser,,,,,,,logica,,dijo,,ecuacion
sistema,ordenado,red,,informatica,,oficial,organizacion,,programa,,computacion,nervioso,,,,,operativo,roto,computadora,computadora,,capitalismo,,fallo,computacion,,numerico,,,vida,,,galaxia,judicial,computadora,computadora,corrupto,control,,,,lineas,operativo,,,,ingenieria,gobierno,,,computadora,,,corrupto,falla,corrupto,computadora,,solar,malo,computadora,quimica,informatico,,computadora,digital,informal,mal,,computadora,legislador,operativo,,,,solar,,computadora,informatica,paiz,,operativo,,,computadora,,,,malo,,ingenieria,establecido,neutral,,,aislado,,icomputacion,,,,computadora,,,,,,,gobierno,,mono,,decimal
presencia,persona,ausencia,,ausencia,,fantasma,abundancia,,estadia,,ausencia,alma,,,,,ausencia,maligna,vida,estar,,firme,,emboscada,ente,,fuerte,,,estar,,,asistencia,estar,ausencia,importante,intranquila,ausencia,,,,ausencia,ausencia,,,,ausencia,ausencia,,,estar,,,fantasmal,impoluto,maligna,fantasma,,ausencia,ausencia,ente,mente,oculta,,presentacion,forma,vacia,se,,ausente,anormal,ausencia,,,,vista,,persona,elegante,fuerte,,ausencia,,,familia,,,,incompleta,,perro,estar,ausente,,,fantasma,,inmediata,,,,fantasma,,,,,,,canina,,ausencia,,ausencia
cuatro,par,cinco,,perros,,tres,foto,,numero,,tres,cinco,,,,,cinco,patas,cinco,numero,,aplaso,,oro,cinco,,patas,,,,,,suma,patas,tres,sillas,perro,cinco,,,,numero,cinco,,,,cinco,número,,,numero,,,patas,cinco,patas,verde,,vientos,dos,paredes,berilio,seis,,numero,patas,cinco,cinco,,ases,ojos,cinco,,,,dados,,numero,tres,cinco,,cinco,,,numero,,,,patas,,patas,cinco,perros,,,perro,,cinco,,,,cinco,,,,,,,patas,,ocho,,dos
obra,teatro,teatro,,maestra,,maestra,planeada,,arte,,teatro,maestra,,,,,teatro,maestra,arte,teatro,,infraestructura,,construccion,teatro,,maestra,,,circo,,,musical,maestra,teatro,maestra,actuación,teatro,,,,planos,mayor,,,,maestra,arte,,,teatro,,,teatro,maestra,maestra,teatro,,majestuosa,maestra,construccion,cuadro,teatro,,arte,arte,teatral,mal,,construccion,andante,teatro,,,,maestra,,arte,construccion,arte,,teatro,,,arte,,,,arte,,maestra,teatro,maestra,,,teatro,,buena,,,,maestra,,,,,,,teatro,,arte,,maestra
equipo,union,grupo,,unido,,investigacion,compañerismo,,confianza,,manager,futbol,,,,,futbol,malo,futbol,futbol,,futbol,,palindromo,futbol,,trabajo,,,conjunto,,,futbol,trabajo,deporte,futbol,grupo,juego,,,,personas,futbol,,,,futbol,musica,,,deporte,,,trabajo,unido,seleccion,futbol,,coordinacion,futbol,computadora,once,futbol,,sonido,futbol,deportivo,futbol,,futbol,futbol,futbol,,,,juego,,deporte,voley,futbol,,futbol,,,deporte,,,,futbol,,futbol,trabajo,completo,,,buceo,,grande,,,,futbol,,,,,,,futbol,,futbol,,ganador
posible,oportunidad,posibilidad,,muerte,,muerte,alcanzable,,posibilidad,,trascendental,probable,,,,,imposible,capataz,posibilidad,imposible,,real,,coneccion,imposible,,sueño,,,imaginado,,,imposible,imposible,imposible,imposible,fútil,cuento,,,,posibilidad,imposible,,,,,imposible,,,ocurrir,,,asesinato,imposible,muerte,lindo,,muerte,imposible,probable,intriga,prueba,,imposible,final,muerte,dudo,,muerte,imposible,imposible,,imposible,,real,,accion,posible,imposible,,probable,,,correcto,,,,imposible,,imposible,inposible,vida,,,opcion,,ultimo,,,,imposible,,,,,,,muerto,,muerte,,probable
relacion,compromiso,vinculo,,casamiento,,matrimonio,pareja,,conjunto,,amor,amorìo,,,,,abierta,sucia,amor,amor,,pareja,,interescucha,amor,,larga,,,matrimonio,,,pareja,casamiento,novio,nueva,perdida,amor,,,,novio,toxico,,,,,amorosa,,,pareja,,,toxica,amor,toxica,amor,,amorosa,mujer,amor,union,sentimental,,amistad,amor,fallida,amor,,amorosa,miracion,dependencia,,casamiento,,sana,,pareja,familia,sexo,,amistad,,,pareja,,,,intensa,,toxica,rota,mutua,,,pareja,,rara,,,,juntos,,,,,,,amor,,hombre,,intima
fondo,tunel,profundo,,ojos,,negro,blanco,,lejanidad,,trasfondo,vacìo,,,,,hondo,blanco,blanco,pozo,,patio,,blanco,hondo,,negro,,,final,,,paisaje,negro,mar,oscuro,profundo,secreto,,,,azul,profundo,,,,,pantalla,,,agua,,,oscuro,funda,secreto,oscuro,,oculto,blanco,agua,pozo,blanco,,pintura,oscuro,blanco,limpio,,profundo,bajo,tocar,,jardin,,ojos,,atras,oscuro,blanco,,pozo,,,mar,,,,blanco,,blanco,profundo,trsite,,,pantalla,,oscuro,,,,mar,,,,,,,negro,,arbol,,oscuro
mar,amplitud,oceano,,playa,,azul,abierto,,calma,,marea,agua,,,,,profundo,del,agua,agua,,agua,,abierto,oceano,,abierto,,,costa,,,oceano,playa,peces,azul,muerte,isla,,,,azul,oceano,,,,,oceano,,,latir,,,profundo,oceano,muerto,azul,,sangre,agua,salado,olas,azul,,agua,abierto,estrellas,azul,,cielo,plata,olas,,playa,,azul,,sal,agua,oceano,,oceano,,,agua,,,,oceano,,agua,agua,muerto,,,oceano,,azul,,,,fondo,,,,,,,olas,,agua,,azul
corazon,sentimiento,latir,,amor,,roto,tristeza,,pasion,,late,roto,,,,,latir,negro,latir,cuerpo,,sentimientos,,roto,heart,,roto,,,solitario,,,amor,roto,sangre,grande,puro,dar,,,,rojo,sangre,,,,,roto,,,,,,roto,alma,partido,rojo,,latido,sangre,rojo,latidos,leon,,delator,delator,roto,dolido,,rojo,pobre,sangre,,cuerpo,,latido,,rojo,contento,roto,,latir,,,sangre,,,,roto,,roto,mentiroso,roto,,,rojo,,tierno,,,,relato,,,,,,,roto,,sangre,,roto
punto,espacio,coma,,coma,,negro,recta,,objetivo,,coma,coma,,,,,fijo,muerte,recta,coma,,coma,,visagra,punta,,rojo,,,termino,,,coma,ciego,coma,coma,choque,final,,,,negro,coma,,,,coma,coma,,,simbolo,,,aparte,letra,final,linea,,final,esquema,visagra,texto,coma,,coma,coma,muerto,quiebre,,fijo,blanco,coma,,raya,,negro,,chiquito,rojo,debil,,final,,,linea,,,,negro,,muerto,final,suave,,,coma,,coma,,,,ciego,,,,,,,negro,,coma,,aparte
interior,casa,exterior,,exterior,,casa,exterior,,paz,,exterior,exterior,,,,,exterior,interior,casa,adentro,,hogar,,cuarto,exterior,,adentro,,,casa,,,casa,exterior,exterior,exterior,calefaccion,exterior,,,,exterior,exterior,,,,decoracion,exterior,,,adentro,,,exterior,exterior,oscuro,blanco,,casa,exterior,carrera,casa,mismo,,exterior,casa,exterior,solo,,casa,exterior,exterior,,exterior,,exterior,,calor,edificio,casa,,oscuro,,,casa,,,,exterior,,casa,exterior,solo,,,casa,,exterior,,,,exterior,,,,,,,exterior,,adentro,,sucio
sobre,carta,carta,,carta,,carta,carta,,envio,,adentro,mesa,,,,,carta,que,carta,mail,,plata,,cerrado,carta,,carta,,,pavimento,,,regalo,carton,carta,blanco,duerme,todo,,,,carta,pegamento,,,,dinero,carta,,,carta,,,cerrado,under,papel,carta,,nada,dentro,mail,carta,carta,,carta,carta,negro,mesa,,carta,todo,carta,,carta,,carta,,papel,blanco,papel,,papel,,,carta,,,,carta,,papel,carta,sin,,,carta,,encima,,,,envelope,,,,,,,carta,,blanco,,mojado
gente,multitud,personas,,multitud,,buena,multitud,,pueblo,,multitud,pueblo,,,,,multitud,muerta,cabeza,multitud,,pueblo,,disturbio,multitud,,mucha,,,multitud,,,multitud,plaza,personas,mucha,multitud,personas,,,,multitud,absurdo,,,,hablar,persona,,,calle,,,caminando,persona,rara,mucha,,muerte,muerte,mucha,multitud,mucha,,persona,muchedumbre,mala,absurda,,mucha,multio,masivo,,persona,,poblacion,,personas,multitud,masas,,mucha,,,multitud,,,,multitud,,tumulto,musica,mucha,,,familia,,buena,,,,people,,,,,,,multitud,,personas,,atenta
siglo,epoca,tiempo,,pasado,,veintiuno,años,,tiempo,,años,veinte,,,,,años,uno,años,veinte,,pasado,,veintiuno,veintiuno,,xx,,,epoca,,,eternidad,veintiuno,años,veintiuno,años,años,,,,veinte,dieciseis,,,,veinte,veinte,,,año,,,años,milenio,veintiuno,moderno,,veintiuno,pasado,veintiuno,veintiuno,veintiuno,,tiempo,veintiuno,,veintiuno,,veintiuno,veintiuno,años,,año,,veintiuno,,tiempo,veintiuno,veintiuno,,veinte,,,años,,,,veintiuno,,veintiuno,,paaado,,,veintiuno,,veinte,,,,veinte,,,,,,,veinte,,xx,,veinte
camara,,,,,,,,,,,,,,,,,,,,,,,,,,,,,,,,,,,,,,,,,,,,,,,,,,,,,,,,,,,,,,,,,,,,,,,,,,,,,,,,,,,,,,,,,,,,,,,,,,,,,,,,,,,,,,,,,
auto,,,,,,,,,,,,,,,,,,,,,,,,,,,,,,,,,,,,,,,,,,,,,,,,,,,,,,,,,,,,,,,,,,,,,,,,,,,,,,,,,,,,,,,,,,,,,,,,,,,,,,,,,,,,,,,,,
tiempo,pasar,,reloj,largo,,frio,hora,espacio,,nieve,,espacio,,,hora,,,,hora,poco,,,,secreto,reloj,,pasado,,reloj,transcurre,,,,estacion,,lento,,,,,,,mitad,escaso,oscuro,momento,,reloj,,,reloj,lento,,estatico,espacio,espacio,largo,,rapido,finito,reloj,,,,,,eterno,sol,,clima,buen,mal,,,frio,sol,,,,reloj,,,,,horas,,,,,,,esperar,real,,,,,,,lapiz,,camino,reloj,reloj,,,,medida,frio,helado,,,
amor,compromiso,,corazon,propio,,salvaje,odio,odio,,corazon,,odio,,,desamor,,,,corazon,pareja,,,,prohibido,novio,,prohibido,,lucho,sentimiento,,,,madre,,nuevo,,,,,,,odio,fugaz,profundo,nirvana,,corazon,,,emocion,madera,,pasional,odio,desamor,lindo,,lindo,venganza,lindo,,,,,,efimero,odio,,camino,desamor,odio,,,verano,emocion,,,,corazon,,,,,corazon,,,,,,,terror,bueno,,,,,,,azul,,nieve,frustracion,corazon,,,,sentimiento,corazon,desconocidos,,,
calle,conocida,,cemento,cerrada,,avenida,barrio,casa,,asfalto,,tierra,,,avenida,,,,vereda,vereda,,,,desierta,vereda,,oscura,,adoquines,nevada,,,,numero,,larga,,,,,,,cuervo,angosta,trece,comun,,semaforo,,,camino,numero,,cerrada,rastro,soledad,angosta,,pasaje,tierra,sendero,,,,,,nocturna,limpia,,avenida,vereda,vacia,,,camino,larga,,,,cemento,,,,,asfalto,,,,,,,villa,cerrada,,,,,,,cuadro,,senda,apellido,asfalto,,,,ciudad,asfalto,asfalto,,,
mal,relativo,,bien,bien,,bien,bondad,bien,,cameron,,bien,,,bien,,,,diablo,menor,,,,estar,bien,,bien,,bien,sentimiento,,,,bien,,bien,,,,,,,bien,menor,mal,pasan,,bien,,,bien,bien,,ajeno,bien,bien,malo,,triste,peor,locura,,,,,,menor,bien,,humor,bien,bien,,,negativo,bien,,,,moral,,,,,oscuridad,,,,,,,bien,hecho,,,,,,,satelite,,bien,amor,oscuridad,,,,concepto,tiempo,olor,,,
sociedad,estado,,consumismo,injusta,,civil,pueblo,estado,,bolsillos,,estado,,,estado,,,,poblacion,cooperacion,,,,infinita,estado,,hipocrita,,mujeres,politica,,,,desigual,,nueva,,,,,,,fausto,moderna,joker,composicion,,personas,,,comunidad,estado,,inclusive,estado,estado,mala,,desigual,estado,cerrada,,,,,,feliz,austera,,estado,estado,desigualdad,,,caos,formal,,,,gente,,,,,comunidad,,,,,,,estado,hueca,,,,,,,clase,,amista,estado,gente,,,,personas,opresion,estado,,,
te,merienda,,cafe,tilo,,quiero,mate,mate,,mate,,cafe,,,amo,,,,cafe,verde,,,,verde,cafe,,verde,,masitas,,,,,cafe,,verde,,,,,,,quiero,leche,tilo,infusion,,cafe,,,infusion,mate,,cafe,yo,cafe,negro,,mate,bebida,caliente,,,,,,quiero,cafe,,cafe,mate,negro,,,bebida,cafe,,,,caliente,,,,,infusion,,,,,,,chocolate,cafe,,,,,,,mantis,,verde,unido,hierbas,,,,bebida,infusion,leche,,,
puerta,entrada,,madera,abierta,,amarilla,mesa,casa,,manija,,ventana,,,manija,,,,casa,cerrada,,,,secreta,manija,,abierta,,roja,paso,,,,entrada,,marron,,,,,,,ventana,trasera,abierta,paso,,cerradura,,,entrada,manija,,marco,ventana,habitacion,madera,,abierta,abre,marron,,,,,,abierta,abrir,,ventana,abierta,abierta,,,posibilidades,rectangulo,,,,cerrada,,,,,acceso,,,,,,,entrar,corediza,,,,,,,cuchillo,,ventana,ventana,picaporte,,,,cerrar,madera,pomo,,,
situacion,actual,,sentimental,desesperante,,machista,complice,economica,,calle,,miedo,,,momento,,,,suceso,bien,,,,incomoda,ocasion,,sentimental,,dificil,incomoda,,,,sentimental,,local,,,,,,,actual,incomoda,grave,estado,,momento,,,momento,problema,,complicada,relacion,incomoda,mala,,problema,incomoda,conflicto,,,,,,economica,nada,,ocasion,calle,mala,,,contexto,escena,,,,incomoda,,,,,problema,,,,,,,estacion,economica,,,,,,,parque,,solucion,casa,momento,,,,momento,incomoda,comedia,,,
cinco,impar,,cuatro,seis,,cuatro,,seis,,mano,,cuatro,,,seis,,,,cuatro,cuatro,,,,pesos,seis,,cuatro,,seis,bolso,,,,pesos,,pasos,,,,,,,seis,pesos,dos,numero,,cuatro,,,numeros,dedos,,manos,cuatro,seis,dedos,,pocos,dos,ocho,,,,,,dedos,seis,,cuatro,ahinco,seis,,,mano,dedos,,,,seis,,,,,cantidad,,,,,,,clavo,seis,,,,,,,circo,,cuatro,cuatro,numero,,,,numero,años,cuatro,,,
claro,cielo,,oscuro,oscuro,,oscuro,oscuro,oscuro,,rojo,,oscuro,,,obscuro,,,,luz,movistar,,,,oscuro,oscuro,,oscuro,,oscuro,dia,,,,oscuro,,celular,,,,,,,oscuro,oscuro,movistar,estado,,oscuro,,,nitido,personal,,oscuro,oscuro,cielo,oscuro,,oscuro,bueno,blanco,,,,,,celular,oscuro,,cielo,oscuro,oscuro,,,rosa,oscuro,,,,dia,,,,,agua,,,,,,,oscuro,duro,,,,,,,juez,,oscuro,negro,movistar,,,,simple,cielo,oscuro,,,
palabra,oraciones,,letras,oracion,,sutil,oracion,larga,,consonante,,adjetivo,,,oracion,,,,oracion,letra,,,,torcida,word,,correcta,,libro,,,,,letras,,larga,,,,,,,gigante,clave,oracion,comunicacion,,letras,,,frases,verbo,,cerrada,pena,senal,larga,,contar,resabkl,frase,,,,,,larga,luz,,texto,oracion,magica,,,comunicacion,larga,,,,mala,,,,,oracion,,,,,,,pasar,magica,,,,,,,bocha,,texto,letras,letras,,,,lenguaje,letra,clave,,,
mil,numero,,ceros,pedazos,,millon,doscientos,pesos,,mil,,cien,,,mil,,,,doscientos,uno,,,,uno,mili,,millas,,doscientos,personas,,,,diez,,años,,,,,,,uno,veces,millones,porciento,,dosmil,,,personas,palabras,,veces,mil,cien,pesos,,mil,cien,cuento,,,,,,numero,cuatrocientos,,cientos,mil,un,,,moneda,millones,,,,millon,,,,,numeros,,,,,,,horas,uno,,,,,,,huevo,,cuento,dinero,pesos,,,,numero,años,doscientos,,,
especie,analisis,,tigre,diferente,,extinta,humana,ser,,animal,,raza,,,animal,,,,animal,humana,,,,distinta,anfibio,,humana,,humana,tipo,,,,animal,,animal,,,,,,,extincion,humana,humanos,naturaleza,,animal,,,biologia,biologia,,extincion,raza,especimen,bicho,,humana,planta,extinta,,,,,,extincion,humana,,autoctona,rana,evolucion,,,animales,biologia,,,,animal,,,,,animal,,,,,,,animal,nativa,,,,,,,jaron,,oruga,animal,animal,,,,formas,animal,animal,,,
